{
  "method": {
    "test_size": 0.2,
    "random_state": 42,
    "training_resampling": "SMOTE on training split only",
    "optuna_params": {
      "colsample_bytree": 0.6624074561769746,
      "learning_rate": 0.2536999076681771,
      "max_depth": 5,
      "min_child_weight": 2,
      "n_estimators": 393,
      "subsample": 0.8394633936788146
    },
    "removed_features": [
      "Total_Arquivo_Captures",
      "capture_density",
      "digital_decay_rate"
    ]
  },
  "experiments": {
    "with_arquivo_pt": {
      "accuracy": 0.6612903225806451,
      "f1_weighted": 0.6490163577862613,
      "per_tier": {
        "Tier 1": {
          "precision": 0.8333333333333334,
          "recall": 0.9090909090909091,
          "support": 11
        },
        "Tier 2": {
          "precision": 0.6666666666666666,
          "recall": 0.8,
          "support": 15
        },
        "Tier 3": {
          "precision": 0.5714285714285714,
          "recall": 0.4,
          "support": 20
        },
        "Tier 4": {
          "precision": 0.6111111111111112,
          "recall": 0.6875,
          "support": 16
        }
      },
      "features": [
        "IEI_Score",
        "digital_decay_rate",
        "Total_Arquivo_Captures",
        "capture_density",
        "is_coastal",
        "Pop. 2011",
        "Env. 2001",
        "Var% 2001→2011"
      ]
    },
    "without_arquivo_pt": {
      "accuracy": 0.5806451612903226,
      "f1_weighted": 0.5819019689987431,
      "per_tier": {
        "Tier 1": {
          "precision": 0.8,
          "recall": 0.7272727272727273,
          "support": 11
        },
        "Tier 2": {
          "precision": 0.6,
          "recall": 0.6,
          "support": 15
        },
        "Tier 3": {
          "precision": 0.45,
          "recall": 0.45,
          "support": 20
        },
        "Tier 4": {
          "precision": 0.5882352941176471,
          "recall": 0.625,
          "support": 16
        }
      },
      "features": [
        "IEI_Score",
        "is_coastal",
        "Pop. 2011",
        "Env. 2001",
        "Var% 2001→2011"
      ]
    }
  }
}