{
  "accuracy": 0.6612903225806451,
  "f1_macro": 0.6722071978364884,
  "f1_per_tier": {
    "Tier 1": 0.782608695652174,
    "Tier 2": 0.6,
    "Tier 3": 0.5789473684210527,
    "Tier 4": 0.7272727272727273
  },
  "confusion_matrix": [
    [
      12,
      4,
      0,
      0
    ],
    [
      5,
      11,
      4,
      0
    ],
    [
      0,
      3,
      9,
      3
    ],
    [
      0,
      0,
      2,
      9
    ]
  ]
}